fileName,role,source,faceSet,composition,declaredDuration,duration,durationDelta,width,height,fps,codec,pixelFormat,bytes
[无水印换牌]archive01__animals牌面__61.833s.mp4,face-swap,archive01,animals,,61.833,61.833,0,1080,1920,30,h264,yuv420p,71163356
[无水印换牌]archive01__archive04_mixed牌面__61.833s.mp4,face-swap,archive01,archive04_mixed,,61.833,61.833,0,1080,1920,30,h264,yuv420p,71180756
[无水印换牌]archive01__big_flower牌面__61.833s.mp4,face-swap,archive01,big_flower,,61.833,61.833,0,1080,1920,30,h264,yuv420p,71193902
[无水印换牌]archive01__chain_clear牌面__61.833s.mp4,face-swap,archive01,chain_clear,,61.833,61.833,0,1080,1920,30,h264,yuv420p,71177598
[无水印换牌]archive01__fb_competitor牌面__61.833s.mp4,face-swap,archive01,fb_competitor,,61.833,61.833,0,1080,1920,30,h264,yuv420p,71131941
[无水印换牌]archive01__latest_competitor牌面__61.833s.mp4,face-swap,archive01,latest_competitor,,61.833,61.833,0,1080,1920,30,h264,yuv420p,71186234
[无水印换牌]archive01__sailing牌面__61.833s.mp4,face-swap,archive01,sailing,,61.833,61.833,0,1080,1920,30,h264,yuv420p,71134290
[无水印换牌]archive01__seaside牌面__61.833s.mp4,face-swap,archive01,seaside,,61.833,61.833,0,1080,1920,30,h264,yuv420p,71115250
[无水印换牌]archive01__tpt760牌面__61.833s.mp4,face-swap,archive01,tpt760,,61.833,61.833,0,1080,1920,30,h264,yuv420p,71058747
[无水印换牌]archive01__tpt811牌面__61.833s.mp4,face-swap,archive01,tpt811,,61.833,61.833,0,1080,1920,30,h264,yuv420p,71169294
[无水印换牌]archive01__tpt971牌面__61.833s.mp4,face-swap,archive01,tpt971,,61.833,61.833,0,1080,1920,30,h264,yuv420p,71115334
[无水印换牌]archive01__travelmemo牌面__61.833s.mp4,face-swap,archive01,travelmemo,,61.833,61.833,0,1080,1920,30,h264,yuv420p,71107463
[无水印换牌]archive02__animals牌面__62.500s.mp4,face-swap,archive02,animals,,62.5,62.5,0,1080,1920,30,h264,yuv420p,75660094
[无水印换牌]archive02__archive04_mixed牌面__62.500s.mp4,face-swap,archive02,archive04_mixed,,62.5,62.5,0,1080,1920,30,h264,yuv420p,74638257
[无水印换牌]archive02__big_flower牌面__62.500s.mp4,face-swap,archive02,big_flower,,62.5,62.5,0,1080,1920,30,h264,yuv420p,74467667
[无水印换牌]archive02__chain_clear牌面__62.500s.mp4,face-swap,archive02,chain_clear,,62.5,62.5,0,1080,1920,30,h264,yuv420p,75195452
[无水印换牌]archive02__fb_competitor牌面__62.500s.mp4,face-swap,archive02,fb_competitor,,62.5,62.5,0,1080,1920,30,h264,yuv420p,75102918
[无水印换牌]archive02__latest_competitor牌面__62.500s.mp4,face-swap,archive02,latest_competitor,,62.5,62.5,0,1080,1920,30,h264,yuv420p,74739762
[无水印换牌]archive02__sailing牌面__62.500s.mp4,face-swap,archive02,sailing,,62.5,62.5,0,1080,1920,30,h264,yuv420p,75343519
[无水印换牌]archive02__seaside牌面__62.500s.mp4,face-swap,archive02,seaside,,62.5,62.5,0,1080,1920,30,h264,yuv420p,76060837
[无水印换牌]archive02__tpt760牌面__62.500s.mp4,face-swap,archive02,tpt760,,62.5,62.5,0,1080,1920,30,h264,yuv420p,75602706
[无水印换牌]archive02__tpt811牌面__62.500s.mp4,face-swap,archive02,tpt811,,62.5,62.5,0,1080,1920,30,h264,yuv420p,75943358
[无水印换牌]archive02__tpt971牌面__62.500s.mp4,face-swap,archive02,tpt971,,62.5,62.5,0,1080,1920,30,h264,yuv420p,76012996
[无水印换牌]archive02__travelmemo牌面__62.500s.mp4,face-swap,archive02,travelmemo,,62.5,62.5,0,1080,1920,30,h264,yuv420p,75953127
[无水印换牌]archive03__animals牌面__50.667s.mp4,face-swap,archive03,animals,,50.667,50.667,0,1080,1920,30,h264,yuv420p,71721009
[无水印换牌]archive03__archive04_mixed牌面__50.667s.mp4,face-swap,archive03,archive04_mixed,,50.667,50.667,0,1080,1920,30,h264,yuv420p,66825670
[无水印换牌]archive03__big_flower牌面__50.667s.mp4,face-swap,archive03,big_flower,,50.667,50.667,0,1080,1920,30,h264,yuv420p,71323325
[无水印换牌]archive03__chain_clear牌面__50.667s.mp4,face-swap,archive03,chain_clear,,50.667,50.667,0,1080,1920,30,h264,yuv420p,65603542
[无水印换牌]archive03__fb_competitor牌面__50.667s.mp4,face-swap,archive03,fb_competitor,,50.667,50.667,0,1080,1920,30,h264,yuv420p,64895344
[无水印换牌]archive03__latest_competitor牌面__50.667s.mp4,face-swap,archive03,latest_competitor,,50.667,50.667,0,1080,1920,30,h264,yuv420p,67435219
[无水印换牌]archive03__sailing牌面__50.667s.mp4,face-swap,archive03,sailing,,50.667,50.667,0,1080,1920,30,h264,yuv420p,66148219
[无水印换牌]archive03__seaside牌面__50.667s.mp4,face-swap,archive03,seaside,,50.667,50.667,0,1080,1920,30,h264,yuv420p,66111719
[无水印换牌]archive03__tpt760牌面__50.667s.mp4,face-swap,archive03,tpt760,,50.667,50.667,0,1080,1920,30,h264,yuv420p,69173850
[无水印换牌]archive03__tpt811牌面__50.667s.mp4,face-swap,archive03,tpt811,,50.667,50.667,0,1080,1920,30,h264,yuv420p,70205205
[无水印换牌]archive03__tpt971牌面__50.667s.mp4,face-swap,archive03,tpt971,,50.667,50.667,0,1080,1920,30,h264,yuv420p,70459507
[无水印换牌]archive03__travelmemo牌面__50.667s.mp4,face-swap,archive03,travelmemo,,50.667,50.667,0,1080,1920,30,h264,yuv420p,64797595
[无水印换牌]archive04__animals牌面__60.167s.mp4,face-swap,archive04,animals,,60.167,60.167,0,1080,1920,30,h264,yuv420p,52263898
[无水印换牌]archive04__archive04_mixed牌面__60.167s.mp4,face-swap,archive04,archive04_mixed,,60.167,60.167,0,1080,1920,30,h264,yuv420p,53157479
[无水印换牌]archive04__big_flower牌面__60.167s.mp4,face-swap,archive04,big_flower,,60.167,60.167,0,1080,1920,30,h264,yuv420p,55787300
[无水印换牌]archive04__chain_clear牌面__60.167s.mp4,face-swap,archive04,chain_clear,,60.167,60.167,0,1080,1920,30,h264,yuv420p,52228135
[无水印换牌]archive04__fb_competitor牌面__60.167s.mp4,face-swap,archive04,fb_competitor,,60.167,60.167,0,1080,1920,30,h264,yuv420p,50666546
[无水印换牌]archive04__latest_competitor牌面__60.167s.mp4,face-swap,archive04,latest_competitor,,60.167,60.167,0,1080,1920,30,h264,yuv420p,52721229
[无水印换牌]archive04__sailing牌面__60.167s.mp4,face-swap,archive04,sailing,,60.167,60.167,0,1080,1920,30,h264,yuv420p,52157159
[无水印换牌]archive04__seaside牌面__60.167s.mp4,face-swap,archive04,seaside,,60.167,60.167,0,1080,1920,30,h264,yuv420p,51892885
[无水印换牌]archive04__tpt760牌面__60.167s.mp4,face-swap,archive04,tpt760,,60.167,60.167,0,1080,1920,30,h264,yuv420p,53444233
[无水印换牌]archive04__tpt811牌面__60.167s.mp4,face-swap,archive04,tpt811,,60.167,60.167,0,1080,1920,30,h264,yuv420p,54502586
[无水印换牌]archive04__tpt971牌面__60.167s.mp4,face-swap,archive04,tpt971,,60.167,60.167,0,1080,1920,30,h264,yuv420p,54349379
[无水印换牌]archive04__travelmemo牌面__60.167s.mp4,face-swap,archive04,travelmemo,,60.167,60.167,0,1080,1920,30,h264,yuv420p,50423097
[无水印换牌]big_flower__animals牌面__29.333s.mp4,face-swap,big_flower,animals,,29.333,29.333,0,1080,1920,30,h264,yuv420p,53242195
[无水印换牌]big_flower__archive04_mixed牌面__29.333s.mp4,face-swap,big_flower,archive04_mixed,,29.333,29.333,0,1080,1920,30,h264,yuv420p,50889037
[无水印换牌]big_flower__big_flower牌面__29.333s.mp4,face-swap,big_flower,big_flower,,29.333,29.333,0,1080,1920,30,h264,yuv420p,49902370
[无水印换牌]big_flower__chain_clear牌面__29.333s.mp4,face-swap,big_flower,chain_clear,,29.333,29.333,0,1080,1920,30,h264,yuv420p,50042678
[无水印换牌]big_flower__fb_competitor牌面__29.333s.mp4,face-swap,big_flower,fb_competitor,,29.333,29.333,0,1080,1920,30,h264,yuv420p,48854309
[无水印换牌]big_flower__latest_competitor牌面__29.333s.mp4,face-swap,big_flower,latest_competitor,,29.333,29.333,0,1080,1920,30,h264,yuv420p,50800134
[无水印换牌]big_flower__sailing牌面__29.333s.mp4,face-swap,big_flower,sailing,,29.333,29.333,0,1080,1920,30,h264,yuv420p,50798828
[无水印换牌]big_flower__seaside牌面__29.333s.mp4,face-swap,big_flower,seaside,,29.333,29.333,0,1080,1920,30,h264,yuv420p,50625863
[无水印换牌]big_flower__tpt760牌面__29.333s.mp4,face-swap,big_flower,tpt760,,29.333,29.333,0,1080,1920,30,h264,yuv420p,51769432
[无水印换牌]big_flower__tpt811牌面__29.333s.mp4,face-swap,big_flower,tpt811,,29.333,29.333,0,1080,1920,30,h264,yuv420p,52805008
[无水印换牌]big_flower__tpt971牌面__29.333s.mp4,face-swap,big_flower,tpt971,,29.333,29.333,0,1080,1920,30,h264,yuv420p,52697851
[无水印换牌]big_flower__travelmemo牌面__29.333s.mp4,face-swap,big_flower,travelmemo,,29.333,29.333,0,1080,1920,30,h264,yuv420p,49386644
[无水印换牌]chain_clear__animals牌面__29.500s.mp4,face-swap,chain_clear,animals,,29.5,29.5,0,1080,1920,30,h264,yuv420p,53451996
[无水印换牌]chain_clear__archive04_mixed牌面__29.500s.mp4,face-swap,chain_clear,archive04_mixed,,29.5,29.5,0,1080,1920,30,h264,yuv420p,54326129
[无水印换牌]chain_clear__big_flower牌面__29.500s.mp4,face-swap,chain_clear,big_flower,,29.5,29.5,0,1080,1920,30,h264,yuv420p,53518632
[无水印换牌]chain_clear__chain_clear牌面__29.500s.mp4,face-swap,chain_clear,chain_clear,,29.5,29.5,0,1080,1920,30,h264,yuv420p,54668756
[无水印换牌]chain_clear__fb_competitor牌面__29.500s.mp4,face-swap,chain_clear,fb_competitor,,29.5,29.5,0,1080,1920,30,h264,yuv420p,54224654
[无水印换牌]chain_clear__latest_competitor牌面__29.500s.mp4,face-swap,chain_clear,latest_competitor,,29.5,29.5,0,1080,1920,30,h264,yuv420p,54955562
[无水印换牌]chain_clear__sailing牌面__29.500s.mp4,face-swap,chain_clear,sailing,,29.5,29.5,0,1080,1920,30,h264,yuv420p,54843563
[无水印换牌]chain_clear__seaside牌面__29.500s.mp4,face-swap,chain_clear,seaside,,29.5,29.5,0,1080,1920,30,h264,yuv420p,54991172
[无水印换牌]chain_clear__tpt760牌面__29.500s.mp4,face-swap,chain_clear,tpt760,,29.5,29.5,0,1080,1920,30,h264,yuv420p,55369700
[无水印换牌]chain_clear__tpt811牌面__29.500s.mp4,face-swap,chain_clear,tpt811,,29.5,29.5,0,1080,1920,30,h264,yuv420p,55450913
[无水印换牌]chain_clear__tpt971牌面__29.500s.mp4,face-swap,chain_clear,tpt971,,29.5,29.5,0,1080,1920,30,h264,yuv420p,53538124
[无水印换牌]chain_clear__travelmemo牌面__29.500s.mp4,face-swap,chain_clear,travelmemo,,29.5,29.5,0,1080,1920,30,h264,yuv420p,54374820
[无水印换牌]fb_competitor__animals牌面__59.500s.mp4,face-swap,fb_competitor,animals,,59.5,59.5,0,1080,1920,30,h264,yuv420p,109585560
[无水印换牌]fb_competitor__archive04_mixed牌面__59.500s.mp4,face-swap,fb_competitor,archive04_mixed,,59.5,59.5,0,1080,1920,30,h264,yuv420p,110120393
[无水印换牌]fb_competitor__big_flower牌面__59.500s.mp4,face-swap,fb_competitor,big_flower,,59.5,59.5,0,1080,1920,30,h264,yuv420p,109439263
[无水印换牌]fb_competitor__chain_clear牌面__59.500s.mp4,face-swap,fb_competitor,chain_clear,,59.5,59.5,0,1080,1920,30,h264,yuv420p,109510466
[无水印换牌]fb_competitor__fb_competitor牌面__59.500s.mp4,face-swap,fb_competitor,fb_competitor,,59.5,59.5,0,1080,1920,30,h264,yuv420p,110182813
[无水印换牌]fb_competitor__latest_competitor牌面__59.500s.mp4,face-swap,fb_competitor,latest_competitor,,59.5,59.5,0,1080,1920,30,h264,yuv420p,109827664
[无水印换牌]fb_competitor__sailing牌面__59.500s.mp4,face-swap,fb_competitor,sailing,,59.5,59.5,0,1080,1920,30,h264,yuv420p,110062952
[无水印换牌]fb_competitor__seaside牌面__59.500s.mp4,face-swap,fb_competitor,seaside,,59.5,59.5,0,1080,1920,30,h264,yuv420p,109961890
[无水印换牌]fb_competitor__tpt760牌面__59.500s.mp4,face-swap,fb_competitor,tpt760,,59.5,59.5,0,1080,1920,30,h264,yuv420p,108733343
[无水印换牌]fb_competitor__tpt811牌面__59.500s.mp4,face-swap,fb_competitor,tpt811,,59.5,59.5,0,1080,1920,30,h264,yuv420p,108960642
[无水印换牌]fb_competitor__tpt971牌面__59.500s.mp4,face-swap,fb_competitor,tpt971,,59.5,59.5,0,1080,1920,30,h264,yuv420p,109511612
[无水印换牌]fb_competitor__travelmemo牌面__59.500s.mp4,face-swap,fb_competitor,travelmemo,,59.5,59.5,0,1080,1920,30,h264,yuv420p,109648886
[无水印换牌]latest_competitor__animals牌面__59.500s.mp4,face-swap,latest_competitor,animals,,59.5,59.5,0,1080,1920,30,h264,yuv420p,116929980
[无水印换牌]latest_competitor__archive04_mixed牌面__59.500s.mp4,face-swap,latest_competitor,archive04_mixed,,59.5,59.5,0,1080,1920,30,h264,yuv420p,116944683
[无水印换牌]latest_competitor__big_flower牌面__59.500s.mp4,face-swap,latest_competitor,big_flower,,59.5,59.5,0,1080,1920,30,h264,yuv420p,116947531
[无水印换牌]latest_competitor__chain_clear牌面__59.500s.mp4,face-swap,latest_competitor,chain_clear,,59.5,59.5,0,1080,1920,30,h264,yuv420p,116887609
[无水印换牌]latest_competitor__fb_competitor牌面__59.500s.mp4,face-swap,latest_competitor,fb_competitor,,59.5,59.5,0,1080,1920,30,h264,yuv420p,116949432
[无水印换牌]latest_competitor__latest_competitor牌面__59.500s.mp4,face-swap,latest_competitor,latest_competitor,,59.5,59.5,0,1080,1920,30,h264,yuv420p,116976334
[无水印换牌]latest_competitor__sailing牌面__59.500s.mp4,face-swap,latest_competitor,sailing,,59.5,59.5,0,1080,1920,30,h264,yuv420p,116967006
[无水印换牌]latest_competitor__seaside牌面__59.500s.mp4,face-swap,latest_competitor,seaside,,59.5,59.5,0,1080,1920,30,h264,yuv420p,116946969
[无水印换牌]latest_competitor__tpt760牌面__59.500s.mp4,face-swap,latest_competitor,tpt760,,59.5,59.5,0,1080,1920,30,h264,yuv420p,117059705
[无水印换牌]latest_competitor__tpt811牌面__59.500s.mp4,face-swap,latest_competitor,tpt811,,59.5,59.5,0,1080,1920,30,h264,yuv420p,116955194
[无水印换牌]latest_competitor__tpt971牌面__59.500s.mp4,face-swap,latest_competitor,tpt971,,59.5,59.5,0,1080,1920,30,h264,yuv420p,116944691
[无水印换牌]latest_competitor__travelmemo牌面__59.500s.mp4,face-swap,latest_competitor,travelmemo,,59.5,59.5,0,1080,1920,30,h264,yuv420p,116971948
[无水印换牌]tpt760__animals牌面__59.000s.mp4,face-swap,tpt760,animals,,59,59,0,1080,1920,30,h264,yuv420p,101356570
[无水印换牌]tpt760__archive04_mixed牌面__59.000s.mp4,face-swap,tpt760,archive04_mixed,,59,59,0,1080,1920,30,h264,yuv420p,101005269
[无水印换牌]tpt760__big_flower牌面__59.000s.mp4,face-swap,tpt760,big_flower,,59,59,0,1080,1920,30,h264,yuv420p,105650675
[无水印换牌]tpt760__chain_clear牌面__59.000s.mp4,face-swap,tpt760,chain_clear,,59,59,0,1080,1920,30,h264,yuv420p,98941476
[无水印换牌]tpt760__fb_competitor牌面__59.000s.mp4,face-swap,tpt760,fb_competitor,,59,59,0,1080,1920,30,h264,yuv420p,97595268
[无水印换牌]tpt760__latest_competitor牌面__59.000s.mp4,face-swap,tpt760,latest_competitor,,59,59,0,1080,1920,30,h264,yuv420p,102050964
[无水印换牌]tpt760__sailing牌面__59.000s.mp4,face-swap,tpt760,sailing,,59,59,0,1080,1920,30,h264,yuv420p,100093927
[无水印换牌]tpt760__seaside牌面__59.000s.mp4,face-swap,tpt760,seaside,,59,59,0,1080,1920,30,h264,yuv420p,99660964
[无水印换牌]tpt760__tpt760牌面__59.000s.mp4,face-swap,tpt760,tpt760,,59,59,0,1080,1920,30,h264,yuv420p,103338533
[无水印换牌]tpt760__tpt811牌面__59.000s.mp4,face-swap,tpt760,tpt811,,59,59,0,1080,1920,30,h264,yuv420p,105002355
[无水印换牌]tpt760__tpt971牌面__59.000s.mp4,face-swap,tpt760,tpt971,,59,59,0,1080,1920,30,h264,yuv420p,104495369
[无水印换牌]tpt760__travelmemo牌面__59.000s.mp4,face-swap,tpt760,travelmemo,,59,59,0,1080,1920,30,h264,yuv420p,97673379
[无水印换牌]tpt811__animals牌面__59.000s.mp4,face-swap,tpt811,animals,,59,59,0,1080,1920,30,h264,yuv420p,71249543
[无水印换牌]tpt811__archive04_mixed牌面__59.000s.mp4,face-swap,tpt811,archive04_mixed,,59,59,0,1080,1920,30,h264,yuv420p,71911207
[无水印换牌]tpt811__big_flower牌面__59.000s.mp4,face-swap,tpt811,big_flower,,59,59,0,1080,1920,30,h264,yuv420p,73870948
[无水印换牌]tpt811__chain_clear牌面__59.000s.mp4,face-swap,tpt811,chain_clear,,59,59,0,1080,1920,30,h264,yuv420p,71036526
[无水印换牌]tpt811__fb_competitor牌面__59.000s.mp4,face-swap,tpt811,fb_competitor,,59,59,0,1080,1920,30,h264,yuv420p,70285297
[无水印换牌]tpt811__latest_competitor牌面__59.000s.mp4,face-swap,tpt811,latest_competitor,,59,59,0,1080,1920,30,h264,yuv420p,72973109
[无水印换牌]tpt811__sailing牌面__59.000s.mp4,face-swap,tpt811,sailing,,59,59,0,1080,1920,30,h264,yuv420p,71081529
[无水印换牌]tpt811__seaside牌面__59.000s.mp4,face-swap,tpt811,seaside,,59,59,0,1080,1920,30,h264,yuv420p,71296750
[无水印换牌]tpt811__tpt760牌面__59.000s.mp4,face-swap,tpt811,tpt760,,59,59,0,1080,1920,30,h264,yuv420p,74076726
[无水印换牌]tpt811__tpt811牌面__59.000s.mp4,face-swap,tpt811,tpt811,,59,59,0,1080,1920,30,h264,yuv420p,74205231
[无水印换牌]tpt811__tpt971牌面__59.000s.mp4,face-swap,tpt811,tpt971,,59,59,0,1080,1920,30,h264,yuv420p,74762570
[无水印换牌]tpt811__travelmemo牌面__59.000s.mp4,face-swap,tpt811,travelmemo,,59,59,0,1080,1920,30,h264,yuv420p,70605645
[无水印换牌]tpt971__animals牌面__62.367s.mp4,face-swap,tpt971,animals,,62.367,62.367,0,1080,1920,30,h264,yuv420p,118850326
[无水印换牌]tpt971__archive04_mixed牌面__62.367s.mp4,face-swap,tpt971,archive04_mixed,,62.367,62.367,0,1080,1920,30,h264,yuv420p,118601856
[无水印换牌]tpt971__big_flower牌面__62.367s.mp4,face-swap,tpt971,big_flower,,62.367,62.367,0,1080,1920,30,h264,yuv420p,119091300
[无水印换牌]tpt971__chain_clear牌面__62.367s.mp4,face-swap,tpt971,chain_clear,,62.367,62.367,0,1080,1920,30,h264,yuv420p,118913101
[无水印换牌]tpt971__fb_competitor牌面__62.367s.mp4,face-swap,tpt971,fb_competitor,,62.367,62.367,0,1080,1920,30,h264,yuv420p,118151024
[无水印换牌]tpt971__latest_competitor牌面__62.367s.mp4,face-swap,tpt971,latest_competitor,,62.367,62.367,0,1080,1920,30,h264,yuv420p,118474683
[无水印换牌]tpt971__sailing牌面__62.367s.mp4,face-swap,tpt971,sailing,,62.367,62.367,0,1080,1920,30,h264,yuv420p,119153441
[无水印换牌]tpt971__seaside牌面__62.367s.mp4,face-swap,tpt971,seaside,,62.367,62.367,0,1080,1920,30,h264,yuv420p,118991763
[无水印换牌]tpt971__tpt760牌面__62.367s.mp4,face-swap,tpt971,tpt760,,62.367,62.367,0,1080,1920,30,h264,yuv420p,118914777
[无水印换牌]tpt971__tpt811牌面__62.367s.mp4,face-swap,tpt971,tpt811,,62.367,62.367,0,1080,1920,30,h264,yuv420p,119563132
[无水印换牌]tpt971__tpt971牌面__62.367s.mp4,face-swap,tpt971,tpt971,,62.367,62.367,0,1080,1920,30,h264,yuv420p,119920682
[无水印换牌]tpt971__travelmemo牌面__62.367s.mp4,face-swap,tpt971,travelmemo,,62.367,62.367,0,1080,1920,30,h264,yuv420p,118136980
[无水印原版]archive01__糖果_29__61.833s.mp4,original,archive01,,糖果_29,61.833,61.833,0,1080,1920,30,h264,yuv420p,71134290
[无水印原版]archive02__废土_29__62.500s.mp4,original,archive02,,废土_29,62.5,62.5,0,1080,1920,30,h264,yuv420p,75450232
[无水印原版]archive03__解救动物29__50.667s.mp4,original,archive03,,解救动物29,50.667,50.667,0,1080,1920,30,h264,yuv420p,98314404
[无水印原版]archive04__2D合成02_29__60.167s.mp4,original,archive04,,2D合成02_29,60.167,60.167,0,1080,1920,30,h264,yuv420p,53145027
[无水印原版]big_flower__29__29.333s.mp4,original,big_flower,,29,29.333,29.333,0,1080,1920,30,h264,yuv420p,50513330
[无水印原版]chain_clear__29__29.500s.mp4,original,chain_clear,,29,29.5,29.5,0,1080,1920,30,h264,yuv420p,54813965
[无水印原版]fb_competitor__59S__59.500s.mp4,original,fb_competitor,,59S,59.5,59.5,0,1080,1920,30,h264,yuv420p,109828371
[无水印原版]latest_competitor__59S__59.500s.mp4,original,latest_competitor,,59S,59.5,59.5,0,1080,1920,30,h264,yuv420p,116922874
[无水印原版]tpt760__TPT803_YUN_30+_EN__59.000s.mp4,original,tpt760,,TPT803_YUN_30+_EN,59,59,0,1080,1920,30,h264,yuv420p,103573665
[无水印原版]tpt811__TPT818_YUN_30+_EN__59.000s.mp4,original,tpt811,,TPT818_YUN_30+_EN,59,59,0,1080,1920,30,h264,yuv420p,75276024
[无水印原版]tpt971__TPT974_YUN_60+_EN__62.367s.mp4,original,tpt971,,TPT974_YUN_60+_EN,62.367,62.367,0,1080,1920,30,h264,yuv420p,119664566
